system:index,20200102,20200104,20200107,20200109,20200112,20200114,20200117,20200119,20200122,20200124,20200127,20200129,20200201,20200203,20200206,20200208,20200211,20200213,20200216,20200218,20200221,20200223,20200226,20200228,20200302,20200304,20200307,20200309,20200312,20200314,20200317,20200319,20200322,20200324,20200327,20200329,20200401,20200403,20200406,20200408,20200411,20200413,20200416,20200418,20200421,20200423,20200426,20200428,20200501,20200503,20200506,20200508,20200511,20200513,20200516,20200518,20200521,20200523,20200526,20200528,20200531,20200602,20200605,20200607,20200610,20200612,20200615,20200617,20200620,20200622,20200625,20200627,20200630,20200702,20200705,20200707,20200710,20200712,20200715,20200717,20200720,20200722,20200725,20200727,20200730,20200801,20200804,20200806,20200809,20200811,20200814,20200816,20200819,20200821,20200824,20200826,20200829,20200831,20200903,20200905,20200908,20200910,20200913,20200915,20200918,20200920,20200923,20200925,20200928,20200930,20201003,20201005,20201008,20201010,20201013,20201015,20201018,20201020,20201023,20201025,20201028,20201030,20201102,20201104,20201107,20201109,20201112,20201114,20201117,20201119,20201122,20201124,20201127,20201129,20201202,20201204,20201207,20201209,20201212,20201214,20201217,20201219,20201222,20201224,20201227,20201229,Id,.geo
20200102T175729_20200102T180326_T13SCV_00000000000000000005,-9999,3808,1926,-9999,2203,2171,-9999,-9999,2789,2143,-9999,2043,2106,-9999,3579,2024,-9999,-9999,1851,2083,-9999,3573,1800,-9999,1893,1972,-9999,2118,-9999,2644,-9999,-9999,-9999,1920,-9999,1975,1803,2000,1760,1979,1816,-9999,1814,-9999,2334,2285,2039,2126,1874,2145,1946,2391,-9999,2496,2416,2786,2558,3166,2648,1687,1835,-9999,-9999,2808,2429,2863,2971,2766,2578,2798,2803,3001,2467,3532,2976,3140,2484,-9999,-9999,2252,2585,1553,-9999,2118,2307,1917,2247,3046,-9999,-9999,-9999,2553,2185,2599,2243,2601,-9999,2984,2348,2602,2229,-9999,2163,2461,2197,2470,885,2425,2636,2455,2188,2343,2060,2246,2046,2195,2075,2241,2042,-9999,-9999,2101,2024,2329,-9999,-9999,-9999,2165,2012,2183,2052,-9999,-9999,2317,-9999,2287,2068,2324,-9999,-9999,3620,2360,2108,2317,-9999,4719,6,"{""type"":""Point"",""coordinates"":[-106.38217778540753,35.8333627651958]}"
20200102T175729_20200102T180326_T13SCV_00000000000000000006,-9999,-9999,1689,-9999,1844,1878,-9999,3952,2083,1853,-9999,1883,1825,-9999,2819,1838,-9999,-9999,1680,1891,-9999,3625,1690,-9999,1783,1880,-9999,1999,-9999,2249,-9999,-9999,-9999,1898,-9999,1941,1784,2011,1771,1957,1799,-9999,1832,-9999,2387,2377,2029,2142,1905,2185,2006,2398,-9999,2598,2473,2888,2655,3420,2926,2795,2003,-9999,-9999,3048,2595,3044,2957,2941,2751,3017,2834,3086,2600,-9999,3028,3252,2582,-9999,-9999,2441,2684,1071,-9999,2367,2456,3043,2419,3297,2403,3269,-9999,2601,2250,2634,2360,2635,-9999,3057,2270,2597,2202,-9999,2325,2454,2218,2612,-9999,2462,2108,2307,1977,2148,1864,1990,1829,1994,1902,2004,1886,-9999,-9999,2075,1930,2115,-9999,-9999,3211,2226,1859,2026,1867,-9999,-9999,2106,-9999,1990,1868,2029,-9999,-9999,3435,2057,1862,2025,-9999,3597,7,"{""type"":""Point"",""coordinates"":[-106.38309634574902,35.833092640760576]}"
20200102T175729_20200102T180326_T13SCV_00000000000000000007,-9999,-9999,1604,-9999,1721,1629,-9999,-9999,-9999,2520,-9999,1639,1624,-9999,3949,1603,-9999,-9999,1437,1596,-9999,-9999,1510,-9999,1696,1678,1699,1834,-9999,1731,-9999,-9999,-9999,1794,-9999,1916,1653,1894,1687,1841,1717,-9999,1817,-9999,2152,1410,2245,2064,1820,2135,1913,2188,-9999,2319,2080,2332,2156,2567,2333,1514,3308,-9999,2448,2684,2411,2566,2411,2751,2438,2526,2434,2745,2367,3583,-9999,2894,2340,-9999,-9999,3460,2466,3369,-9999,1518,2246,2810,2081,1635,486,1962,-9999,2251,1996,2274,2132,2218,-9999,2746,1972,2235,2022,-9999,2013,2160,1963,2105,-9999,2133,1309,2008,1784,1911,1687,1795,1612,1714,1543,1690,1597,-9999,-9999,1772,1556,1670,-9999,-9999,2330,2903,1530,1690,2349,-9999,-9999,1713,-9999,1684,1526,1653,-9999,-9999,4092,1910,1589,1653,-9999,4567,8,"{""type"":""Point"",""coordinates"":[-106.3913288076241,35.827752801109455]}"
20200102T175729_20200102T180326_T13SCV_00000000000000000022,-9999,-9999,1695,-9999,1776,1681,-9999,-9999,-9999,2619,-9999,1631,1625,-9999,-9999,1566,-9999,-9999,1512,1621,-9999,-9999,1500,-9999,1680,1644,1414,1811,-9999,1801,-9999,-9999,-9999,1768,-9999,1870,1657,1853,1619,1826,1677,-9999,1728,-9999,2136,1172,2167,1999,1817,2084,1877,2217,-9999,2402,2242,2764,2634,3056,2582,1437,3466,-9999,2550,3113,2650,3019,2808,3102,2659,2971,2687,3182,2627,4157,-9999,3310,2577,-9999,-9999,3529,2784,3464,-9999,1640,2502,2943,2335,2109,555,2633,-9999,2645,2184,2616,2264,2536,-9999,3065,2222,2440,2083,-9999,2190,2487,2128,2351,-9999,2302,1447,2236,1877,1941,1695,1800,1620,1756,1608,1742,1628,-9999,-9999,2009,1625,1810,-9999,-9999,2345,2988,1501,1626,2104,-9999,-9999,1685,-9999,1650,1479,1611,-9999,-9999,-9999,1977,1513,1634,-9999,5525,35,"{""type"":""Point"",""coordinates"":[-106.39142494007488,35.82790831612412]}"
20200102T175729_20200102T180326_T13SCV_00000000000000000009,-9999,-9999,-9999,-9999,-9999,-9999,-9999,-9999,-9999,-9999,-9999,-9999,-9999,-9999,-9999,3453,-9999,-9999,3410,3107,2822,-9999,2289,2700,1947,1841,1706,1675,-9999,1712,-9999,-9999,-9999,1782,-9999,2077,1692,1983,1616,1978,1701,-9999,1752,-9999,-9999,2224,2062,2186,1872,2181,1893,2345,-9999,2435,2375,2705,2408,2907,2464,3089,2300,-9999,-9999,2901,2419,2919,2301,2830,2407,2806,2458,2998,2346,2297,-9999,1870,2369,-9999,-9999,3196,2662,-9999,-9999,2960,2102,2544,2036,1846,2377,-9999,-9999,2475,2191,2555,2272,2453,2461,-9999,2038,2447,2134,-9999,1974,2334,2053,2308,-9999,2168,2555,2101,1793,2024,1701,1845,1553,1809,1557,1792,1571,-9999,-9999,2632,1623,1909,-9999,-9999,1567,4163,1540,1775,1679,-9999,810,-9999,-9999,1718,1493,1664,-9999,-9999,-9999,-9999,2131,-9999,-9999,5829,10,"{""type"":""Point"",""coordinates"":[-106.43045353231815,35.809961498396035]}"
20200102T175729_20200102T180326_T13SCV_0000000000000000000c,-9999,4047,2405,-9999,2437,2290,-9999,-9999,-9999,3251,-9999,2384,2552,-9999,-9999,2274,-9999,-9999,2306,1702,2476,-9999,1471,1765,1617,1681,2472,-9999,-9999,1706,-9999,-9999,-9999,1772,-9999,1805,1540,1764,1555,1767,1533,-9999,1636,2115,2137,952,2126,2031,1674,2048,1793,2224,-9999,2649,2740,3275,2840,3486,2740,3693,3565,-9999,-9999,3178,2686,3284,2726,3175,2685,3030,2714,3190,2538,-9999,2892,3489,2556,3137,-9999,3338,2581,3382,-9999,3140,2410,2926,2247,3131,2710,-9999,-9999,2716,2238,2688,2187,2519,2495,1254,2173,2539,2072,-9999,2093,2346,1979,2371,908,2222,-9999,2274,1997,2221,1621,1882,1565,1658,1392,1654,1455,-9999,-9999,2681,1437,1414,-9999,-9999,1405,1659,1349,1581,1421,-9999,-9999,1712,-9999,1578,1297,1599,-9999,-9999,-9999,-9999,1533,1676,-9999,-9999,13,"{""type"":""Point"",""coordinates"":[-106.41545525185164,35.781476073383836]}"
20200102T175729_20200102T180326_T13SCV_0000000000000000000b,-9999,3851,2848,-9999,2777,3047,-9999,-9999,-9999,-9999,-9999,-9999,-9999,-9999,-9999,-9999,-9999,-9999,-9999,-9999,-9999,-9999,-9999,-9999,-9999,-9999,-9999,1870,-9999,-9999,-9999,8619,-9999,1678,-9999,1800,1531,1701,1495,1666,1465,-9999,1681,1891,2018,3140,2027,1923,1607,2032,1977,2439,-9999,3102,2874,3455,2855,3529,2959,3682,3157,-9999,-9999,3378,2694,3313,2886,3187,2745,3319,2887,3207,2564,4416,3011,3410,2763,2936,-9999,2990,2713,3588,-9999,3544,-9999,3167,2495,3522,4569,-9999,-9999,2879,2485,2969,2627,2798,2680,2319,2434,2725,2372,-9999,2350,2657,2361,2710,-9999,2179,2244,2016,1870,1928,1536,1848,1502,1557,1295,1692,1324,-9999,-9999,-9999,-9999,1680,-9999,-9999,1273,1421,1160,1405,1241,-9999,-9999,-9999,-9999,-9999,1640,1768,-9999,-9999,2738,2731,2407,-9999,-9999,-9999,12,"{""type"":""Point"",""coordinates"":[-106.41582008357761,35.77293774611232]}"
20200102T175729_20200102T180326_T13SCV_00000000000000000023,-9999,-9999,-9999,-9999,-9999,4189,-9999,-9999,-9999,-9999,-9999,-9999,3063,-9999,-9999,2597,-9999,-9999,-9999,2541,2568,-9999,1560,1896,1490,1541,1492,1093,-9999,1063,-9999,-9999,-9999,1514,-9999,1702,1588,1622,1433,1653,1477,-9999,1503,1790,1800,1905,2142,1868,1592,1947,1735,2106,-9999,2327,2346,2699,2298,2808,2264,2915,2924,-9999,-9999,2634,2327,2744,2259,2774,2331,2641,2234,2454,2285,-9999,2349,2859,2407,2641,-9999,2381,2382,2709,-9999,2692,-9999,2500,2105,3149,499,-9999,-9999,2510,2233,2435,2197,2465,2420,2210,2158,2493,2047,-9999,2020,2342,2016,2270,-9999,2193,2004,2159,1898,1981,1651,1853,1632,1755,1628,1850,1640,-9999,-9999,-9999,1473,1717,-9999,-9999,1570,1724,1524,1718,1547,-9999,-9999,-9999,-9999,1724,1501,1688,-9999,-9999,3744,2721,1636,1769,-9999,-9999,36,"{""type"":""Point"",""coordinates"":[-106.41769421551739,35.773336325019855]}"
20200102T175729_20200102T180326_T13SCV_00000000000000000024,-9999,-9999,-9999,-9999,-9999,4029,-9999,-9999,-9999,-9999,-9999,-9999,-9999,-9999,-9999,3307,-9999,-9999,-9999,-9999,-9999,-9999,1583,1760,1587,1580,1593,2503,-9999,1569,-9999,-9999,-9999,1642,-9999,1739,772,1795,1607,1798,1598,-9999,1718,400,504,2091,2133,2011,1752,2142,1966,1912,-9999,2510,2350,2718,2205,2872,2360,3070,2935,-9999,2545,2556,2137,2640,2274,2546,2193,2611,2237,2727,2242,3555,2315,2863,2124,-9999,-9999,2363,2227,1441,-9999,1312,2071,2384,2089,2581,2272,-9999,-9999,2248,2040,2273,2105,2103,2200,1746,1967,2252,2000,-9999,1933,2138,2020,2285,1562,2040,-9999,1987,1798,1890,1674,1918,1711,1906,1710,1912,1756,-9999,-9999,3524,1505,1687,-9999,-9999,1653,1793,1592,1840,1502,-9999,-9999,2105,-9999,1759,1548,1745,-9999,-9999,3925,-9999,1857,1987,-9999,-9999,37,"{""type"":""Point"",""coordinates"":[-106.40238576875416,35.770920268413064]}"
20200102T175729_20200102T180326_T13SCV_0000000000000000000d,-9999,5535,4716,-9999,4359,4187,-9999,-9999,-9999,-9999,-9999,-9999,-9999,-9999,-9999,3794,-9999,-9999,-9999,-9999,-9999,-9999,1772,1907,2143,1715,1668,2217,-9999,1702,-9999,-9999,-9999,1771,3497,1971,1943,1960,1763,1931,1770,-9999,1842,2618,2368,2311,2284,2239,1960,2333,2241,2546,-9999,2983,2663,3080,2699,3189,2678,3505,2949,-9999,2887,2999,2571,3043,2688,3032,2628,3090,2753,3059,2562,3683,2760,2081,2631,-9999,-9999,3069,2645,-9999,-9999,3170,2546,2929,2344,2890,2606,3292,-9999,2788,2373,2803,2509,2660,2496,1966,2472,2783,2380,-9999,2302,2653,2342,2762,-9999,2581,2747,2450,2143,2301,2008,2163,2038,2048,1873,2137,1931,-9999,-9999,2922,1573,1760,-9999,-9999,1735,1896,1685,1901,1459,-9999,-9999,-9999,-9999,1928,1688,1849,-9999,-9999,-9999,-9999,2263,2249,-9999,-9999,14,"{""type"":""Point"",""coordinates"":[-106.39541785811376,35.76748835469765]}"
20200102T175729_20200102T180326_T13SCV_00000000000000000025,-9999,-9999,1594,-9999,1680,1837,-9999,3834,2295,2098,-9999,1786,1616,-9999,3194,1690,-9999,-9999,1560,1840,-9999,-9999,1484,-9999,1754,1742,1613,2461,-9999,1768,-9999,1198,-9999,1770,-9999,1934,1754,1959,1619,1955,1728,-9999,1876,-9999,2448,-9999,-9999,2240,1847,2140,1936,2427,-9999,2658,2460,2848,2485,3090,2609,3039,-9999,3502,2727,2868,2327,2826,2513,2795,2761,2866,2622,2904,2269,1423,2469,2643,2220,2293,-9999,-9999,2337,-9999,-9999,3158,2176,2703,2170,3018,3497,2984,-9999,2489,2155,2487,2193,2361,2283,2947,2183,2439,2173,-9999,2133,2393,2123,2456,2410,2369,-9999,2377,2130,2328,2121,2276,1980,2177,1922,2171,1923,-9999,-9999,2130,1786,2013,3473,-9999,1742,1900,1670,1927,1670,-9999,-9999,1976,1415,1907,1675,1918,-9999,-9999,-9999,2058,1718,1927,-9999,2425,38,"{""type"":""Point"",""coordinates"":[-106.31840211435248,35.8260689379636]}"
20200102T175729_20200102T180326_T13SCV_00000000000000000027,-9999,-9999,-9999,4252,4489,-9999,-9999,-9999,-9999,-9999,-9999,-9999,-9999,-9999,-9999,-9999,-9999,-9999,-9999,2573,-9999,-9999,-9999,-9999,1557,1564,1599,-9999,-9999,1578,-9999,-9999,-9999,1595,-9999,1879,1476,1777,1491,1676,3811,-9999,1596,-9999,412,1898,-9999,1834,1626,1902,1732,2008,-9999,2204,2134,2443,2312,3003,768,2985,2517,-9999,3284,3105,2518,3022,-9999,2869,-9999,2973,-9999,2581,2415,3049,-9999,-9999,2378,-9999,-9999,3204,2525,2234,-9999,-9999,2020,2745,-9999,2905,-9999,2767,-9999,2252,2040,2303,2156,2425,-9999,3853,1940,2185,2106,-9999,2002,2157,1997,2198,-9999,2098,-9999,2099,1953,2097,1803,1962,1735,1840,1626,1874,1641,-9999,-9999,3619,1563,1628,-9999,-9999,2039,1792,1512,1644,1717,-9999,-9999,2923,-9999,1760,1511,1578,-9999,-9999,-9999,-9999,3436,3138,-9999,5151,40,"{""type"":""Point"",""coordinates"":[-106.3658861897451,35.88285997929366]}"
20200102T175729_20200102T180326_T13SCV_00000000000000000011,-9999,-9999,-9999,-9999,5704,4522,-9999,-9999,-9999,-9999,-9999,-9999,-9999,-9999,-9999,-9999,-9999,-9999,-9999,3883,3126,-9999,3448,-9999,2368,2375,-9999,1893,-9999,1674,-9999,-9999,-9999,1719,-9999,1925,1715,1957,1668,1870,2834,-9999,1694,-9999,1781,2189,1926,2085,1912,2149,1931,2291,-9999,2339,2377,2755,2588,3231,3003,3673,-9999,-9999,-9999,3130,2674,3099,3055,3027,2755,3206,3037,3134,2601,3367,-9999,3138,2572,-9999,-9999,3152,2713,3358,-9999,3266,2305,1369,2355,3180,-9999,-9999,-9999,2605,2236,2644,2382,2571,-9999,3199,2274,2572,2330,-9999,2261,2494,2277,2566,1243,2302,2498,2125,1958,2089,1765,1856,1690,1890,1684,1809,1677,-9999,4658,3496,1802,2026,-9999,-9999,-9999,2026,1660,1802,1715,-9999,-9999,-9999,-9999,1968,1710,1786,-9999,-9999,-9999,4262,3299,-9999,-9999,5399,18,"{""type"":""Point"",""coordinates"":[-106.38375202376012,35.84046898405006]}"
20200102T175729_20200102T180326_T13SCV_00000000000000000002,-9999,-9999,-9999,-9999,-9999,-9999,-9999,-9999,-9999,-9999,-9999,-9999,-9999,-9999,-9999,-9999,-9999,-9999,-9999,-9999,-9999,-9999,-9999,-9999,-9999,-9999,1983,2933,-9999,1476,-9999,-9999,-9999,1525,-9999,1800,1402,1625,1466,1611,1494,-9999,1578,-9999,306,1876,2128,1897,1713,2132,1897,2183,-9999,2499,1215,2571,2209,2864,2357,2819,2427,1296,-9999,2863,2169,2715,-9999,2560,2204,2553,2368,2839,2261,1056,1069,1875,2267,-9999,-9999,2882,3980,2353,-9999,2781,1924,2485,2012,3043,2237,-9999,-9999,2283,2027,2422,2146,2243,2400,2316,1977,2268,2063,-9999,1985,2155,1933,2151,1418,2058,2962,2014,1826,2052,1808,1970,1828,2013,1863,1994,1888,-9999,-9999,-9999,1615,1752,-9999,-9999,1604,1798,1482,1683,1754,-9999,-9999,3035,-9999,1719,1492,1656,-9999,-9999,-9999,-9999,-9999,4069,-9999,6298,3,"{""type"":""Point"",""coordinates"":[-106.433268155551,35.81372730520013]}"
20200102T175729_20200102T180326_T13SCV_00000000000000000004,-9999,-9999,2521,-9999,2780,2455,-9999,3759,2983,-9999,-9999,3160,-9999,-9999,3618,3340,-9999,3734,-9999,-9999,-9999,-9999,-9999,-9999,-9999,-9999,-9999,-9999,-9999,-9999,-9999,-9999,-9999,1587,-9999,1692,1255,1507,1353,1522,1392,-9999,1429,-9999,1874,1909,1890,1673,1549,2063,1871,2277,-9999,2649,2300,2621,2254,3110,2488,4304,-9999,-9999,-9999,2785,2193,2852,2715,2672,2284,2709,2607,2780,2119,2393,2892,2921,2354,-9999,-9999,2474,2300,1926,-9999,2181,1945,2240,2116,2832,-9999,1771,-9999,2219,1864,2364,2097,2257,-9999,3009,1913,2222,1947,-9999,1891,2110,1859,2086,1355,2100,1756,1971,1740,1859,1547,1876,1530,1608,1336,1640,1310,-9999,-9999,3200,1942,1428,-9999,-9999,4276,1441,1072,1227,1761,-9999,-9999,-9999,-9999,-9999,1446,1533,-9999,-9999,-9999,2314,2059,2236,-9999,2693,5,"{""type"":""Point"",""coordinates"":[-106.38196972766629,35.832456714964074]}"
20200102T175729_20200102T180326_T13SCV_00000000000000000032,-9999,-9999,-9999,-9999,-9999,-9999,-9999,-9999,-9999,-9999,-9999,-9999,-9999,-9999,-9999,-9999,-9999,-9999,-9999,-9999,-9999,5582,-9999,-9999,-9999,-9999,-9999,-9999,3341,-9999,-9999,-9999,-9999,-9999,2578,2015,1514,1719,1488,1672,1566,-9999,1622,777,1767,-9999,2128,1937,1687,1994,1826,2140,-9999,2320,-9999,2380,2012,2516,2077,2572,2684,2712,-9999,2472,2024,2522,2567,2515,2051,2535,2243,2479,2079,4208,-9999,2566,2104,-9999,-9999,-9999,-9999,2899,-9999,3168,1877,2341,1915,2778,2135,-9999,-9999,2097,1911,933,2045,2197,-9999,2549,1785,2093,1873,-9999,1822,2001,1853,2070,703,1956,-9999,1947,1840,1974,1744,2008,1991,2020,1827,2121,1924,-9999,-9999,-9999,2061,1752,-9999,-9999,1750,2070,1621,1707,1668,-9999,-9999,-9999,-9999,-9999,-9999,2010,-9999,-9999,-9999,-9999,-9999,-9999,-9999,-9999,51,"{""type"":""Point"",""coordinates"":[-106.44256856759326,35.82702332077499]}"
20200102T175729_20200102T180326_T13SCV_0000000000000000003a,-9999,-9999,-9999,-9999,-9999,-9999,-9999,-9999,-9999,-9999,-9999,-9999,-9999,-9999,-9999,-9999,-9999,-9999,-9999,-9999,-9999,5566,-9999,-9999,-9999,-9999,-9999,-9999,3352,-9999,-9999,-9999,-9999,-9999,2492,1926,1421,1657,1430,1587,1496,-9999,1616,1502,1679,-9999,2110,1918,1608,1926,1764,2083,-9999,2237,-9999,2299,1916,2417,2034,2492,2599,2092,-9999,2419,1979,2479,2551,2436,2019,2497,2229,2475,2026,4257,-9999,2518,2057,-9999,-9999,-9999,-9999,2014,-9999,3168,1814,2355,1909,2768,2118,-9999,-9999,2065,1881,1066,2046,2180,-9999,2485,1728,2053,1843,-9999,1684,1924,1794,2018,647,1892,-9999,1866,1766,1885,1725,1928,1773,2060,1843,1986,1889,-9999,-9999,-9999,1896,1787,-9999,-9999,1618,1959,1473,1609,1566,-9999,-9999,-9999,-9999,-9999,-9999,1893,-9999,-9999,-9999,-9999,-9999,-9999,-9999,5964,59,"{""type"":""Point"",""coordinates"":[-106.44279365361727,35.8270116684195]}"
20200102T175729_20200102T180326_T13SCV_00000000000000000034,-9999,-9999,-9999,-9999,-9999,-9999,-9999,-9999,-9999,-9999,-9999,-9999,-9999,-9999,-9999,-9999,-9999,-9999,-9999,-9999,-9999,5033,-9999,-9999,-9999,3344,1392,2470,-9999,1485,-9999,-9999,-9999,1570,-9999,1795,1430,1615,1491,1676,1513,-9999,1550,-9999,-9999,1810,-9999,1847,1598,1913,1818,2107,-9999,2508,2075,2330,2027,2785,2169,552,2051,-9999,2114,2459,2081,2569,2258,2434,2118,2384,2094,2568,2058,2051,2805,979,2266,-9999,-9999,2637,2036,-9999,-9999,2614,1829,2234,1834,3398,2087,-9999,-9999,2044,1958,2134,2002,2065,1262,2919,1776,1973,1906,-9999,1799,2033,1822,2065,-9999,2036,-9999,2003,1841,1982,1650,1931,1737,1848,1641,1845,1715,-9999,-9999,-9999,1567,1745,-9999,-9999,1599,1762,1543,1634,1656,-9999,915,-9999,-9999,2012,1559,1719,-9999,-9999,-9999,-9999,3704,-9999,-9999,7131,53,"{""type"":""Point"",""coordinates"":[-106.42388170155168,35.79820293295932]}"
20200102T175729_20200102T180326_T13SCV_00000000000000000035,-9999,-9999,-9999,-9999,-9999,-9999,-9999,-9999,-9999,-9999,3503,-9999,-9999,-9999,-9999,-9999,-9999,-9999,-9999,-9999,-9999,-9999,-9999,-9999,-9999,-9999,-9999,-9999,-9999,-9999,-9999,-9999,-9999,1547,-9999,1681,1371,1524,1420,1547,1428,-9999,1454,-9999,-9999,1729,-9999,1805,1584,1991,1844,2027,-9999,2612,2259,2565,2208,2815,2300,458,2529,-9999,1479,2597,2098,2581,2448,2449,2111,2485,2223,2618,2010,2037,2536,889,2217,-9999,-9999,2671,2124,-9999,-9999,2519,1803,2334,1936,-9999,2096,-9999,-9999,2082,1971,2208,2032,2060,975,3078,1775,2015,1881,-9999,1784,1909,1798,2042,-9999,1797,-9999,1849,1699,1783,1590,1898,1702,1740,1528,1834,1628,-9999,-9999,-9999,1753,1566,-9999,-9999,1518,1629,1449,1584,1497,-9999,932,-9999,-9999,1963,1539,1627,-9999,-9999,-9999,-9999,-9999,-9999,-9999,5625,54,"{""type"":""Point"",""coordinates"":[-106.42349282954429,35.79857449578287]}"
20200102T175729_20200102T180326_T13SCV_0000000000000000000e,-9999,-9999,-9999,-9999,4197,3284,-9999,-9999,-9999,-9999,-9999,3810,3039,-9999,5648,2318,-9999,-9999,2859,2132,-9999,-9999,1839,-9999,1779,1871,1711,-9999,-9999,1900,-9999,-9999,-9999,1937,955,2109,1795,1327,1804,1991,2089,-9999,1849,-9999,484,2262,-9999,2097,1934,2302,2006,2302,-9999,2520,2255,2600,2147,2749,2515,2675,1178,-9999,2562,2547,2090,2654,-9999,2556,-9999,2673,-9999,2362,2032,-9999,-9999,-9999,2190,-9999,-9999,-9999,2231,-9999,-9999,-9999,1817,2409,2121,2830,-9999,-9999,-9999,2051,1837,2123,1930,2167,-9999,-9999,1874,2077,1858,-9999,1754,1995,1829,2015,-9999,1865,-9999,1941,1774,1879,1803,1899,1918,2074,1819,2130,1862,-9999,8105,3835,1800,1878,-9999,8065,1686,2063,1776,1840,1807,-9999,-9999,-9999,-9999,1835,1733,1786,-9999,-9999,-9999,4628,-9999,-9999,-9999,6147,15,"{""type"":""Point"",""coordinates"":[-106.36322225528346,35.88111364616067]}"
20200102T175729_20200102T180326_T13SCV_0000000000000000000f,-9999,-9999,2806,-9999,3401,2452,-9999,-9999,-9999,-9999,-9999,2998,2142,-9999,-9999,1890,-9999,-9999,-9999,1762,-9999,-9999,1586,-9999,1653,1803,1670,-9999,-9999,1813,-9999,-9999,-9999,1951,-9999,2077,1763,745,1726,1957,2082,-9999,1860,-9999,483,2270,-9999,2057,1834,2244,2090,2331,-9999,2578,2201,2661,2187,2889,2619,2746,1237,-9999,2720,2699,2117,2670,-9999,2567,-9999,2710,-9999,2425,2080,-9999,-9999,-9999,2193,-9999,-9999,-9999,2205,3228,-9999,-9999,1837,2499,2045,2744,-9999,-9999,-9999,2106,1861,2178,1963,2319,-9999,2699,1839,2125,1932,-9999,1788,1950,1775,1983,-9999,1959,-9999,1966,1823,1945,1742,2015,1991,2132,1945,2132,2020,-9999,-9999,3709,1929,1932,-9999,7792,1827,2030,1705,1923,1949,-9999,-9999,-9999,-9999,1899,1650,1861,-9999,-9999,-9999,4154,2093,2179,-9999,-9999,16,"{""type"":""Point"",""coordinates"":[-106.36342825636879,35.880941255139646]}"
20200102T175729_20200102T180326_T13SCV_00000000000000000010,-9999,-9999,-9999,-9999,4761,4312,5331,4442,5856,4513,-9999,4943,-9999,-9999,-9999,-9999,-9999,5146,-9999,-9999,-9999,-9999,5964,-9999,-9999,-9999,3695,-9999,-9999,-9999,-9999,-9999,-9999,-9999,-9999,-9999,1594,1694,1481,1640,1584,-9999,1859,1979,2082,1844,-9999,1918,1617,1958,1737,2131,-9999,2435,2185,2666,2127,2786,668,2859,2658,3656,2414,2855,2031,2782,2281,2634,2044,2775,-9999,2641,2073,-9999,-9999,2717,2195,-9999,-9999,3119,-9999,3256,-9999,3073,1808,-9999,1917,2943,2499,-9999,-9999,2061,1794,2137,2060,-9999,-9999,1724,1650,2193,1703,-9999,1672,1877,1644,2085,1329,1931,-9999,1856,1740,2040,1594,2004,1624,1651,1581,1765,1624,-9999,-9999,4265,1659,1649,-9999,-9999,1071,1562,1427,1623,1744,-9999,-9999,-9999,3508,-9999,-9999,1848,-9999,-9999,-9999,4408,4090,3676,-9999,4776,17,"{""type"":""Point"",""coordinates"":[-106.39818511690463,35.898701357487695]}"
20200102T175729_20200102T180326_T13SCV_00000000000000000026,-9999,-9999,-9999,-9999,-9999,5958,6661,-9999,6684,-9999,-9999,-9999,-9999,-9999,6472,-9999,-9999,6508,-9999,-9999,-9999,-9999,-9999,-9999,-9999,-9999,-9999,4625,-9999,-9999,4075,-9999,-9999,-9999,6610,-9999,-9999,2373,1898,1963,1779,-9999,-9999,2158,2445,2026,-9999,2054,1775,2126,1907,2256,-9999,2430,2257,2546,2124,2729,2535,2718,2693,3577,2577,2809,2190,2789,2559,2750,2287,2973,1251,2748,2251,-9999,-9999,2930,2367,-9999,-9999,3058,-9999,3400,-9999,3383,2023,3689,2164,3031,2765,-9999,-9999,2296,2041,2345,2286,-9999,-9999,2053,1985,2387,1906,-9999,1959,2120,1871,2263,1975,2099,2349,2090,1913,2021,1708,1941,1818,1869,1713,1951,1739,-9999,6754,5086,2047,1823,-9999,-9999,1005,1552,1599,1757,1573,-9999,-9999,3816,3782,-9999,1856,1857,-9999,-9999,6286,-9999,4379,4329,-9999,6255,39,"{""type"":""Point"",""coordinates"":[-106.39950753284748,35.898838102494786]}"
20200102T175729_20200102T180326_T13SCV_00000000000000000036,-9999,5103,3031,-9999,3201,3218,3949,3682,4242,3569,-9999,4058,3510,-9999,3397,3113,-9999,3780,3723,3306,-9999,-9999,3767,-9999,-9999,2895,3137,2950,-9999,3318,3502,-9999,-9999,2778,-9999,-9999,1627,1759,1456,1612,1503,-9999,-9999,1929,2153,1850,-9999,1934,1574,1990,1698,2103,-9999,2444,2102,2517,1980,2742,1920,2645,2474,3485,2248,2686,1916,2710,2302,2572,1949,2770,1430,2477,1930,-9999,-9999,2643,2150,-9999,-9999,3028,-9999,3135,-9999,2952,1712,-9999,1823,2807,2292,-9999,-9999,1978,1768,2017,1965,-9999,-9999,1933,1568,2047,1643,-9999,1577,1796,1564,1528,858,1759,-9999,1737,1593,1817,1453,1951,1464,1476,1282,1500,1348,-9999,5410,2878,1495,1524,-9999,-9999,-9999,1388,1280,1438,1457,-9999,-9999,3045,2906,-9999,-9999,1931,-9999,-9999,4672,2985,2274,2604,-9999,3488,55,"{""type"":""Point"",""coordinates"":[-106.39845242717928,35.89826416621404]}"
20200102T175729_20200102T180326_T13SCV_00000000000000000012,-9999,-9999,-9999,-9999,-9999,3629,-9999,-9999,-9999,4146,-9999,3987,3502,-9999,5066,3095,-9999,5623,-9999,-9999,-9999,-9999,-9999,-9999,1669,1631,-9999,1400,-9999,1520,-9999,-9999,-9999,1524,-9999,1606,1481,1592,1443,1617,3108,-9999,1546,-9999,2490,1870,1773,1929,1714,2025,1826,2100,-9999,2256,2133,2507,2236,2633,2330,3044,-9999,-9999,-9999,2737,2345,2608,2463,2526,2466,2544,2568,2681,2204,2990,-9999,2457,2302,-9999,-9999,3053,2381,2798,-9999,2978,2069,1435,1949,2687,-9999,-9999,-9999,2240,2012,2230,2098,2204,-9999,3091,1948,2238,2131,-9999,1939,2105,1996,2035,2040,2025,2201,2068,1950,2027,1861,1873,1677,1783,1693,1754,1656,-9999,-9999,-9999,1601,1795,-9999,-9999,2994,1790,1500,1581,1395,-9999,-9999,1799,-9999,1478,1400,1410,-9999,-9999,-9999,3255,-9999,-9999,-9999,4030,19,"{""type"":""Point"",""coordinates"":[-106.38383695832681,35.84092893944184]}"
20200102T175729_20200102T180326_T13SCV_00000000000000000000,-9999,-9999,-9999,-9999,-9999,-9999,-9999,-9999,-9999,-9999,-9999,-9999,-9999,-9999,-9999,-9999,-9999,-9999,-9999,-9999,-9999,-9999,-9999,-9999,-9999,-9999,2754,2709,-9999,1485,-9999,-9999,-9999,1500,-9999,1798,1407,1583,1451,1638,1489,-9999,1576,-9999,289,1853,2156,1946,1625,1929,1690,1995,-9999,2117,1667,2230,2010,2493,2041,2549,1393,1415,-9999,2416,2039,2426,-9999,2314,1999,2328,2158,2538,2075,983,2105,2162,2224,-9999,-9999,2794,3463,-9999,-9999,2850,1857,2348,1926,2793,2141,-9999,-9999,2163,1969,2292,2027,2144,2282,2354,1822,2144,1976,-9999,1857,2045,1832,1958,1116,1783,2644,1768,1644,1688,1537,1689,1511,1669,1441,1700,1491,-9999,-9999,-9999,1506,1588,-9999,-9999,1458,1784,1389,1563,1590,-9999,-9999,2198,-9999,1617,1351,1532,-9999,-9999,-9999,-9999,3218,3027,-9999,5641,1,"{""type"":""Point"",""coordinates"":[-106.4329213206259,35.813382385126545]}"
20200102T175729_20200102T180326_T13SCV_00000000000000000001,-9999,-9999,-9999,-9999,-9999,-9999,-9999,-9999,-9999,-9999,-9999,-9999,-9999,-9999,-9999,-9999,-9999,-9999,-9999,-9999,-9999,-9999,-9999,-9999,-9999,-9999,-9999,-9999,-9999,1568,-9999,-9999,-9999,1547,886,1793,1533,1741,1586,1788,1653,-9999,1732,-9999,344,2127,2227,2159,1935,2200,1942,2277,-9999,2315,2292,2392,2090,2483,2111,2594,1397,663,-9999,2444,2045,2444,-9999,2395,2083,2378,2102,2534,2069,897,2470,2224,2207,-9999,-9999,2716,3661,-9999,-9999,2701,1772,2145,1747,2706,2143,-9999,-9999,2165,1933,2254,2027,2146,2223,2443,1840,2102,1993,-9999,1831,2050,1856,2035,1963,1926,2623,1910,1796,1895,1765,1897,1840,1878,1800,1874,1781,-9999,-9999,-9999,1566,1744,-9999,-9999,1679,2290,1582,1713,1752,-9999,-9999,-9999,-9999,1685,1499,1627,-9999,-9999,-9999,-9999,-9999,-9999,-9999,-9999,2,"{""type"":""Point"",""coordinates"":[-106.43279018568836,35.81281113916294]}"
20200102T175729_20200102T180326_T13SCV_00000000000000000020,-9999,-9999,-9999,-9999,-9999,-9999,-9999,-9999,-9999,-9999,-9999,-9999,-9999,-9999,-9999,-9999,-9999,-9999,-9999,-9999,-9999,-9999,-9999,-9999,-9999,-9999,2738,2032,-9999,1445,-9999,-9999,-9999,1530,1179,1775,1444,1679,1497,1641,1572,-9999,1678,-9999,309,2011,2199,1938,1693,2069,1822,2054,-9999,2183,2071,2312,2046,2563,2115,2568,1392,942,-9999,2535,2021,2462,-9999,2352,2041,2506,2191,2543,2069,987,2359,2192,2224,-9999,-9999,2795,-9999,-9999,-9999,2878,1841,2330,1889,2782,2166,-9999,-9999,2169,1972,2338,2062,2178,2264,2451,1843,2109,1957,-9999,1835,2060,1827,2002,1478,1771,2635,1751,1650,1712,1612,1838,1626,1661,1540,1738,1546,-9999,-9999,-9999,1460,1523,-9999,-9999,1500,1775,1446,1600,1685,-9999,-9999,2411,-9999,1556,1392,1561,-9999,-9999,-9999,-9999,-9999,3257,-9999,-9999,33,"{""type"":""Point"",""coordinates"":[-106.43277376108686,35.81312011499013]}"
20200102T175729_20200102T180326_T13SCV_00000000000000000021,-9999,-9999,-9999,-9999,-9999,-9999,-9999,-9999,-9999,-9999,-9999,-9999,-9999,-9999,-9999,-9999,-9999,-9999,-9999,-9999,-9999,-9999,-9999,-9999,-9999,-9999,3002,3050,-9999,1497,-9999,-9999,-9999,1495,-9999,1814,1392,1637,1458,1633,1489,-9999,1607,-9999,299,1924,2140,1928,1671,1989,1762,2050,-9999,2264,956,2309,2082,2626,2211,2651,1940,1219,-9999,2626,2125,2586,-9999,2473,2106,2534,2267,2607,2118,997,1438,1746,2204,-9999,-9999,2780,4154,2167,-9999,2780,1840,2268,1862,2690,2120,-9999,-9999,2073,1924,2241,2092,2108,2263,2283,1805,2121,2003,-9999,1888,2061,1847,2020,1230,1866,2991,1827,1656,1780,1648,1789,1626,1790,1645,1863,1652,-9999,-9999,-9999,1569,1651,-9999,-9999,1504,1752,1437,1595,1634,-9999,-9999,2685,-9999,1616,1381,1566,-9999,-9999,-9999,-9999,-9999,3728,-9999,-9999,34,"{""type"":""Point"",""coordinates"":[-106.43309747169943,35.813706965155646]}"
20200102T175729_20200102T180326_T13SCV_0000000000000000002e,-9999,-9999,-9999,-9999,-9999,-9999,-9999,-9999,-9999,-9999,-9999,-9999,-9999,-9999,-9999,-9999,-9999,-9999,-9999,-9999,-9999,-9999,-9999,-9999,-9999,-9999,-9999,-9999,-9999,-9999,-9999,-9999,-9999,1957,-9999,1804,1457,1693,1473,1708,1579,-9999,1665,-9999,316,2060,2190,2068,1784,2103,1858,2123,-9999,2263,909,2419,2130,2744,2218,2587,2552,640,-9999,2415,2000,2484,-9999,2375,2039,2519,2290,2551,2087,2947,3168,2772,2210,-9999,-9999,2835,-9999,2753,-9999,3024,1824,2279,1958,2802,2262,-9999,-9999,2224,2010,2370,2096,2183,2362,2775,1893,2170,1990,-9999,1911,2091,1888,2038,1351,1971,2923,1943,1797,1898,1721,1831,1667,1809,1654,1819,1712,-9999,-9999,-9999,1904,1773,-9999,-9999,1639,2082,1570,1673,1757,-9999,-9999,-9999,-9999,2325,1659,1737,-9999,-9999,-9999,-9999,-9999,-9999,-9999,-9999,47,"{""type"":""Point"",""coordinates"":[-106.4320140435762,35.81395258259934]}"
20200102T175729_20200102T180326_T13SCV_00000000000000000003,-9999,-9999,2532,-9999,-9999,-9999,-9999,-9999,-9999,-9999,-9999,-9999,-9999,-9999,-9999,-9999,-9999,-9999,-9999,-9999,-9999,-9999,-9999,-9999,-9999,-9999,-9999,-9999,-9999,1485,-9999,-9999,-9999,1460,-9999,1645,1476,-9999,1463,1627,1565,-9999,1613,1388,-9999,3841,-9999,1876,1741,2067,2067,2410,-9999,2668,2409,2559,2290,3106,2657,2759,1508,3744,-9999,2551,2122,2627,3090,2501,2372,2763,-9999,2512,2090,3521,2512,3439,2463,-9999,-9999,3083,2122,2775,-9999,-9999,1895,2442,2082,3760,-9999,-9999,-9999,2106,1975,2238,2156,2221,-9999,-9999,1874,1983,2028,-9999,1806,1974,2017,2065,3085,1830,-9999,1764,1793,1757,1639,1621,1370,1531,1397,1596,1379,-9999,-9999,-9999,-9999,1108,-9999,-9999,2144,1045,819,1113,-9999,-9999,-9999,-9999,-9999,-9999,1017,935,-9999,-9999,-9999,2185,-9999,-9999,-9999,-9999,4,"{""type"":""Point"",""coordinates"":[-106.34534500971685,35.87880919447686]}"
20200102T175729_20200102T180326_T13SCV_00000000000000000030,-9999,-9999,3366,-9999,-9999,2981,-9999,-9999,-9999,-9999,-9999,3408,2680,-9999,-9999,2112,-9999,-9999,2532,1873,-9999,3640,1611,-9999,1647,1697,-9999,1820,-9999,2043,-9999,-9999,-9999,1881,-9999,1877,1684,1929,1726,1883,1754,-9999,1830,-9999,2359,2314,2146,1954,1810,2113,1948,2254,-9999,2398,2202,2542,2251,2784,2452,4850,2478,-9999,-9999,2813,2246,2616,2722,2590,2273,2616,2572,2677,2218,1765,2944,2894,2367,-9999,-9999,2555,2374,1593,-9999,1994,2012,2252,2068,2721,-9999,1129,-9999,2240,1911,2340,2112,2194,-9999,2956,2000,2180,1971,-9999,2050,2215,1958,2182,-9999,2066,1277,2113,1962,2031,1773,2003,1764,1883,1689,1901,1666,-9999,-9999,3611,1740,1728,-9999,-9999,-9999,685,1658,1814,1823,-9999,-9999,2035,-9999,1767,1615,1716,-9999,-9999,-9999,3981,-9999,-9999,-9999,4495,49,"{""type"":""Point"",""coordinates"":[-106.38108797977824,35.831996967882816]}"
20200102T175729_20200102T180326_T13SCV_00000000000000000031,-9999,-9999,3091,-9999,-9999,2940,-9999,5058,-9999,4045,-9999,3892,3142,-9999,4640,3198,-9999,-9999,3546,-9999,-9999,3679,-9999,-9999,1587,1558,-9999,1557,-9999,-9999,-9999,-9999,-9999,1662,-9999,1884,1613,1819,1552,1822,1714,-9999,1711,-9999,1993,2294,2040,2084,1772,2035,1825,2153,-9999,2254,1988,2306,1986,2555,2097,4274,1795,-9999,2776,2496,1975,2436,2474,2447,2037,2495,2377,2504,2071,3339,2743,2710,2330,-9999,-9999,2916,2268,2790,-9999,-9999,1900,3481,1932,2659,2433,1050,-9999,2170,1799,2215,1951,2133,-9999,2564,1831,2055,1863,-9999,1802,2045,1848,1936,-9999,1833,2236,1851,1688,1832,1599,1701,1429,1735,1599,1620,1529,-9999,-9999,2891,1618,1783,-9999,-9999,2464,1668,1375,1528,2009,-9999,-9999,-9999,-9999,1456,1338,1218,-9999,-9999,-9999,-9999,-9999,-9999,-9999,4514,50,"{""type"":""Point"",""coordinates"":[-106.38593326900772,35.83095218738483]}"
20200102T175729_20200102T180326_T13SCV_00000000000000000008,-9999,-9999,3445,-9999,3736,3239,-9999,-9999,4903,-9999,-9999,4009,-9999,-9999,-9999,-9999,-9999,-9999,-9999,-9999,3262,-9999,3066,-9999,2021,-9999,-9999,-9999,-9999,-9999,-9999,-9999,3880,1992,-9999,2073,1730,2293,1688,2081,1916,-9999,1787,542,2045,2459,1932,2245,1824,2262,1876,2320,-9999,2408,2313,2535,2290,2885,2581,3129,2483,-9999,3101,3086,2466,2980,-9999,2928,2401,2929,2787,3027,2345,2697,-9999,2935,2315,-9999,-9999,2005,2822,2905,-9999,3398,2222,3025,2348,1156,2832,-9999,-9999,2496,2113,3431,2278,2620,2516,-9999,2137,2562,2206,-9999,2224,2502,2189,2517,1694,2409,2346,2375,1954,2246,1923,2177,1773,2060,1776,2128,1859,-9999,-9999,-9999,1812,1990,-9999,-9999,1544,1898,1626,1810,2220,-9999,-9999,3869,-9999,-9999,1795,1722,-9999,-9999,-9999,3853,-9999,-9999,-9999,-9999,9,"{""type"":""Point"",""coordinates"":[-106.40526501769364,35.836509467177976]}"
20200102T175729_20200102T180326_T13SCV_0000000000000000000a,-9999,-9999,-9999,-9999,-9999,-9999,-9999,-9999,-9999,-9999,-9999,-9999,-9999,-9999,-9999,-9999,-9999,-9999,-9999,-9999,-9999,-9999,-9999,-9999,3390,-9999,-9999,1684,-9999,1458,-9999,-9999,-9999,1536,-9999,1854,1455,1681,1520,1704,1552,-9999,1674,-9999,-9999,1946,2080,1895,1695,1983,1789,2044,-9999,2179,1933,2312,2083,2563,2133,2610,1814,-9999,-9999,2532,2098,2470,817,2395,2108,2433,2220,2673,2128,2615,-9999,2678,2200,-9999,-9999,2756,2326,4364,-9999,2770,1808,2271,1831,1528,2059,-9999,-9999,2119,1971,2249,2022,2130,2277,-9999,1796,2079,1913,-9999,1748,1952,1774,1903,-9999,1743,1855,1703,1536,1679,1517,1676,1496,1579,1443,1612,1470,-9999,-9999,-9999,1473,1517,-9999,-9999,1444,3273,1342,1528,1596,-9999,708,-9999,-9999,1560,1310,1501,-9999,-9999,-9999,-9999,-9999,-9999,-9999,-9999,11,"{""type"":""Point"",""coordinates"":[-106.4300676850317,35.81050309901801]}"
20200102T175729_20200102T180326_T13SCV_00000000000000000033,-9999,-9999,-9999,-9999,-9999,-9999,-9999,-9999,-9999,-9999,-9999,-9999,-9999,-9999,-9999,-9999,-9999,-9999,-9999,-9999,-9999,-9999,-9999,-9999,3395,3043,-9999,-9999,-9999,1389,-9999,-9999,-9999,1495,-9999,1800,1428,1606,1446,1619,1492,-9999,1533,-9999,-9999,1896,2044,1850,1632,1919,1708,2000,-9999,2124,2102,2266,2034,2617,2070,2543,1695,-9999,-9999,2286,1992,2377,886,2270,1970,2329,2090,2536,2056,2424,-9999,1906,2101,-9999,-9999,2621,2221,-9999,-9999,2850,1803,2241,1858,2246,2126,-9999,-9999,2114,1959,2215,2050,2043,2405,3772,1772,2070,1926,-9999,1767,1936,1780,1932,-9999,1746,2045,1737,1588,1684,1542,1643,1468,1593,1457,1625,1428,-9999,-9999,-9999,1499,1622,-9999,-9999,1358,2545,1378,1516,1488,-9999,-9999,-9999,-9999,1551,1291,1498,-9999,-9999,-9999,-9999,-9999,-9999,-9999,5877,52,"{""type"":""Point"",""coordinates"":[-106.42971642816971,35.81021639781823]}"
20200102T175729_20200102T180326_T13SCV_0000000000000000003b,-9999,-9999,-9999,-9999,-9999,-9999,-9999,-9999,-9999,-9999,-9999,-9999,-9999,-9999,-9999,-9999,-9999,-9999,-9999,-9999,-9999,-9999,-9999,3591,2856,2429,1913,1757,-9999,1601,-9999,-9999,3616,1723,-9999,1991,1617,1887,1679,1836,1687,-9999,1876,-9999,-9999,2170,2128,2071,1862,2247,1986,2229,-9999,2365,2208,2414,2150,2743,2243,2611,1758,-9999,-9999,2493,2111,2562,1030,2472,2134,2584,2216,2655,2095,2022,-9999,1846,2209,-9999,-9999,2783,2329,-9999,-9999,2812,1768,2267,1835,2114,2120,-9999,-9999,2155,1972,2300,2125,2154,2330,-9999,1867,2099,1949,-9999,1864,2036,1864,2062,-9999,1877,2271,1857,1684,1824,1703,1911,1722,1789,1647,1904,1737,-9999,-9999,-9999,1565,1657,-9999,-9999,1642,3203,1544,1718,1843,-9999,809,-9999,-9999,1701,1538,1751,-9999,-9999,-9999,-9999,-9999,-9999,-9999,-9999,60,"{""type"":""Point"",""coordinates"":[-106.43021991350987,35.81010748097299]}"
20200102T175729_20200102T180326_T13SCV_00000000000000000028,-9999,3470,1470,-9999,1604,1743,-9999,-9999,-9999,3151,-9999,1633,1564,-9999,-9999,1467,-9999,-9999,1418,2018,-9999,-9999,1415,-9999,1647,1724,1489,-9999,1013,1770,-9999,-9999,-9999,1844,2044,1891,1678,1951,1692,1917,1687,-9999,346,-9999,-9999,-9999,-9999,2199,1889,2399,2186,2642,-9999,2750,2344,2727,2261,2821,2295,2773,1282,-9999,1728,2692,2253,2732,2354,2681,2309,2787,2453,2875,2256,2624,2395,3062,2082,3766,-9999,-9999,2245,2920,-9999,2839,2125,2598,2109,-9999,2239,-9999,-9999,2446,2120,2450,2136,2358,2061,1338,2237,2490,2202,-9999,2135,2407,2130,2500,2276,2382,2339,2457,2220,2378,2128,2411,2186,2274,2031,2318,2083,-9999,-9999,2424,1992,2191,-9999,-9999,1919,2177,1889,2154,1576,-9999,-9999,1997,1638,2069,1883,2102,-9999,-9999,-9999,2125,1826,2108,-9999,2276,41,"{""type"":""Point"",""coordinates"":[-106.3000338857613,35.81000635851749]}"
20200102T175729_20200102T180326_T13SCV_00000000000000000029,-9999,-9999,1541,-9999,1659,1789,-9999,2817,1784,1946,-9999,1859,1857,-9999,-9999,1829,-9999,2809,1770,1850,-9999,-9999,1679,-9999,1836,1880,2294,384,-9999,1921,-9999,2999,-9999,1907,-9999,2018,1802,1940,1721,1966,1780,-9999,1851,-9999,1174,569,1780,2162,1877,2104,1981,2344,-9999,2685,2563,3009,2758,3455,2938,3384,-9999,3868,-9999,3056,2650,2980,984,2995,2716,3033,2840,2817,2543,1767,2862,3335,2466,-9999,-9999,2702,2507,3129,-9999,2528,2540,3043,2445,3063,3148,1109,-9999,2708,2231,2783,2447,2564,-9999,3217,2353,2515,2239,-9999,2467,2720,2240,2543,585,2601,-9999,2674,2432,2355,2203,2208,1861,2258,1983,2138,2011,-9999,-9999,2016,1840,2143,-9999,-9999,3011,2021,1623,1875,1465,-9999,-9999,1985,-9999,1879,1590,1707,-9999,-9999,-9999,1933,1501,1764,-9999,-9999,42,"{""type"":""Point"",""coordinates"":[-106.36352779045441,35.835719412344496]}"
20200102T175729_20200102T180326_T13SCV_0000000000000000002a,-9999,4156,2193,-9999,-9999,-9999,-9999,-9999,-9999,2691,-9999,2494,-9999,-9999,3609,-9999,-9999,-9999,-9999,-9999,-9999,-9999,1312,-9999,976,1243,2626,281,-9999,1305,-9999,-9999,-9999,1294,-9999,1557,1278,1415,1237,1444,1310,-9999,1355,2289,1401,387,1666,1643,1428,1745,1731,2103,-9999,2441,2250,2789,2378,3017,2579,3166,-9999,3401,-9999,2700,2359,2753,-9999,2617,2496,2677,2592,2725,2235,-9999,2561,2885,2181,-9999,-9999,2222,2260,-9999,-9999,2386,2072,2690,2044,2633,2895,889,-9999,2397,1999,2274,2080,2248,-9999,2830,1934,2316,2017,-9999,1972,2168,1975,2168,1003,2098,-9999,2084,1849,1990,1690,1771,1517,1719,1509,1646,1503,-9999,-9999,-9999,1440,1755,-9999,-9999,2717,1431,1243,1391,1084,-9999,-9999,1500,-9999,1400,1163,1284,-9999,-9999,3570,-9999,-9999,-9999,-9999,-9999,43,"{""type"":""Point"",""coordinates"":[-106.36182201559961,35.835917760618266]}"
20200102T175729_20200102T180326_T13SCV_00000000000000000018,-9999,-9999,4117,-9999,3990,3640,-9999,-9999,5192,-9999,-9999,-9999,-9999,-9999,-9999,2696,-9999,-9999,2817,1857,-9999,4104,1683,-9999,1541,1577,-9999,1661,-9999,1810,-9999,-9999,-9999,1643,-9999,1821,1642,1842,1629,1803,1679,-9999,1633,-9999,1821,2257,1896,1981,1744,2045,1756,2023,-9999,2230,2164,2435,2261,2876,2332,2434,-9999,-9999,-9999,2929,2214,2837,2844,2949,2377,2753,2701,2846,2289,2288,2849,3063,2267,-9999,-9999,2542,2459,2691,-9999,2766,2053,-9999,2096,3213,-9999,-9999,-9999,2348,1890,2403,2031,2377,-9999,2874,2134,2397,1952,-9999,1913,2162,1999,2236,1122,2094,1483,1973,1755,1921,1599,1772,1595,1735,1500,1717,1608,-9999,-9999,3953,1704,1860,-9999,-9999,-9999,1877,1618,1870,1626,-9999,-9999,2015,-9999,1801,1558,1746,-9999,-9999,-9999,4055,2359,2193,-9999,4806,25,"{""type"":""Point"",""coordinates"":[-106.37728549634132,35.832653698434115]}"
20200102T175729_20200102T180326_T13SCV_00000000000000000019,-9999,-9999,-9999,-9999,-9999,-9999,-9999,-9999,-9999,-9999,-9999,-9999,-9999,-9999,-9999,-9999,-9999,-9999,-9999,-9999,-9999,-9999,1639,-9999,1579,1542,2303,520,-9999,1594,-9999,1357,-9999,1732,-9999,1801,1645,1875,1607,1921,1703,-9999,1840,-9999,1008,-9999,-9999,2214,1855,2216,1980,2431,-9999,2581,2147,2615,2156,2680,2177,2697,-9999,3134,2238,2651,2194,2725,3654,2640,2399,2773,2505,2817,2224,3066,2311,3056,2115,1568,-9999,2939,2227,-9999,-9999,3168,2035,2545,1906,2817,2343,2959,-9999,2412,2040,2378,2073,2355,2190,2716,1991,2410,2062,-9999,1899,2195,1995,2319,1346,2159,-9999,2067,1864,2068,1783,2009,1826,2000,1759,1959,1759,-9999,-9999,-9999,1539,1930,2117,-9999,1707,1771,1515,1745,1504,-9999,-9999,1788,1386,1689,1475,1746,-9999,-9999,-9999,3641,-9999,2130,-9999,-9999,26,"{""type"":""Point"",""coordinates"":[-106.33033589446023,35.82762454566056]}"
20200102T175729_20200102T180326_T13SCV_0000000000000000002c,-9999,4320,3122,-9999,2475,2204,-9999,-9999,-9999,-9999,-9999,-9999,2814,-9999,-9999,-9999,-9999,-9999,-9999,-9999,-9999,-9999,1642,-9999,1595,1606,-9999,971,-9999,1367,-9999,1231,-9999,1563,-9999,1635,1308,1568,1422,1540,1403,-9999,1690,-9999,2125,-9999,-9999,1895,1607,2055,1979,2287,-9999,2648,2280,2723,2234,2951,2332,2856,-9999,3372,2316,2811,2222,2797,3320,2824,2472,2837,2694,2857,2215,2789,2408,3171,2143,-9999,-9999,2951,2268,-9999,-9999,3256,2066,2635,2014,3002,2373,2994,-9999,2400,2057,2387,2095,2290,2204,2705,2001,2243,1978,-9999,1903,2163,1947,2234,-9999,2031,-9999,1974,1800,1893,1575,1906,1674,1665,1383,1697,1517,-9999,-9999,-9999,1523,1452,4022,-9999,1393,1571,1346,1535,1363,-9999,-9999,1353,1225,1290,1160,1456,-9999,-9999,3640,-9999,1655,1617,-9999,-9999,45,"{""type"":""Point"",""coordinates"":[-106.3288200329952,35.82866164535763]}"
20200102T175729_20200102T180326_T13SCV_0000000000000000002d,-9999,-9999,1696,-9999,1847,1993,-9999,-9999,4183,2557,-9999,1686,1710,-9999,5398,1768,-9999,-9999,1661,1813,-9999,-9999,1604,-9999,1812,1811,2332,632,-9999,1943,-9999,1569,-9999,1893,-9999,1896,1738,1982,1732,1994,1781,-9999,2013,-9999,1583,-9999,-9999,2245,1924,2381,2270,2589,-9999,2798,2389,2798,2406,3098,2521,2930,-9999,3463,2331,2890,2354,2886,4045,2911,2546,2890,2693,2938,2356,3013,2491,3286,2206,1829,-9999,2936,2413,-9999,-9999,3286,2212,2682,2140,3118,2435,3005,-9999,2485,2174,2507,2252,2463,2342,2874,2187,2500,2138,-9999,2201,2462,2180,2515,808,2460,-9999,2464,2202,2323,2133,2314,2043,2290,1990,2275,2013,-9999,-9999,2686,1904,2081,2339,-9999,1956,2176,1930,2101,1894,-9999,-9999,2173,1623,2124,1893,2144,-9999,-9999,3876,2658,1967,2167,-9999,1604,46,"{""type"":""Point"",""coordinates"":[-106.3301895257711,35.828073678283275]}"
20200102T175729_20200102T180326_T13SCV_0000000000000000001a,-9999,-9999,-9999,-9999,4038,3293,-9999,-9999,-9999,-9999,-9999,-9999,-9999,-9999,-9999,2260,-9999,-9999,-9999,-9999,-9999,-9999,1523,-9999,1586,1672,1800,942,-9999,1492,-9999,-9999,-9999,1746,5818,2018,1758,2073,1804,2115,1833,-9999,2109,-9999,2521,-9999,-9999,2345,1920,2508,2214,2570,-9999,2717,2444,2714,2282,2950,2529,2872,-9999,3319,2446,2789,2314,2831,2676,2841,2534,2898,2739,2942,2346,3249,2639,3271,2227,-9999,-9999,2830,2452,-9999,-9999,3311,2274,2733,2087,3155,2529,3145,-9999,2561,2247,2660,2409,2523,2256,2617,2408,2612,2202,-9999,2151,2403,2158,2592,2747,2412,-9999,2465,2296,2298,2207,2531,2139,2337,2095,2310,2183,-9999,-9999,3154,1757,1782,3402,-9999,1838,2115,1892,2138,2046,-9999,-9999,1873,1675,2092,1827,2152,-9999,-9999,-9999,3523,2253,2437,3045,1729,27,"{""type"":""Point"",""coordinates"":[-106.32679741635323,35.8259989181978]}"
20200102T175729_20200102T180326_T13SCV_0000000000000000001d,-9999,5193,-9999,-9999,-9999,4525,-9999,-9999,-9999,-9999,-9999,-9999,-9999,-9999,-9999,-9999,-9999,-9999,-9999,-9999,-9999,-9999,3034,-9999,-9999,2061,1725,2104,-9999,1773,-9999,-9999,-9999,1746,2600,1790,1745,1853,1645,1820,1654,-9999,1814,-9999,2759,2195,-9999,2086,1753,2190,1998,2377,-9999,2883,2855,3289,2814,3237,2779,3612,3518,-9999,2991,3252,2630,3175,2809,3207,2694,3107,2816,3262,2713,3889,2768,-9999,2695,-9999,-9999,3224,2741,5664,-9999,3312,2572,2891,2536,3193,2776,3433,-9999,2712,2436,2757,2455,2691,2621,2381,2405,2749,2334,-9999,2348,2613,2330,2663,-9999,2574,2958,2387,2175,2226,1833,2114,1860,1912,1639,1921,1754,-9999,-9999,-9999,1675,1747,-9999,-9999,1684,1838,1605,1830,1369,-9999,-9999,-9999,-9999,2187,1744,1861,6039,-9999,-9999,-9999,-9999,-9999,-9999,-9999,30,"{""type"":""Point"",""coordinates"":[-106.39334182916735,35.766518948228665]}"
20200102T175729_20200102T180326_T13SCV_0000000000000000001c,-9999,5337,4529,-9999,4269,4008,-9999,-9999,7012,-9999,-9999,4553,3591,-9999,-9999,3725,-9999,-9999,5390,-9999,-9999,-9999,2297,2426,-9999,2205,2038,2534,-9999,1946,-9999,-9999,-9999,2114,2921,2175,2154,2242,2084,2219,1948,-9999,2123,-9999,2857,2590,-9999,2354,2182,2652,2467,2816,-9999,3294,2943,3583,3045,3548,2932,3851,3398,-9999,3273,3602,3056,3420,2966,3378,3140,3473,3049,3513,2972,4307,3136,1730,2813,-9999,-9999,3475,3121,-9999,-9999,3380,2989,3338,2603,3538,3363,3913,-9999,3230,2774,3260,2788,3135,2949,2093,2943,3170,2727,-9999,2762,3135,2713,3133,-9999,3030,3073,2769,2478,2507,2250,2610,2321,2328,2093,2436,2260,-9999,-9999,4001,1898,1798,-9999,-9999,2120,2338,1976,2301,1674,-9999,-9999,2756,-9999,2295,2026,2283,6004,-9999,4108,-9999,2526,2677,-9999,-9999,29,"{""type"":""Point"",""coordinates"":[-106.39460893719021,35.76675934247022]}"
20200102T175729_20200102T180326_T13SCV_0000000000000000001e,-9999,5322,-9999,-9999,-9999,4186,-9999,-9999,-9999,-9999,-9999,-9999,-9999,-9999,-9999,-9999,-9999,-9999,-9999,-9999,-9999,-9999,-9999,-9999,2424,1895,1664,2085,-9999,1704,-9999,-9999,-9999,1782,2650,1880,1785,1863,1714,1846,1688,-9999,1869,-9999,2291,2200,-9999,2105,1815,2278,2154,2582,-9999,3155,3136,3365,2935,3562,2906,3879,3061,-9999,3068,3338,2713,3407,2972,3317,2781,3385,3022,3242,2773,4036,2989,1890,2794,-9999,-9999,3265,2874,-9999,-9999,3262,2666,3222,2647,3264,2912,3496,-9999,2929,2498,3011,2642,2845,2663,2107,2678,2801,2397,-9999,2562,2789,2425,2895,-9999,2589,2837,2426,2202,2187,1854,2197,1973,1915,1659,1989,1775,-9999,-9999,-9999,1606,1643,-9999,-9999,1639,1797,1561,1767,1348,-9999,-9999,-9999,-9999,2069,1666,1859,-9999,-9999,-9999,-9999,-9999,-9999,-9999,-9999,31,"{""type"":""Point"",""coordinates"":[-106.39477847572546,35.767034834156526]}"
20200102T175729_20200102T180326_T13SCV_0000000000000000001f,-9999,4969,-9999,-9999,4267,3850,-9999,-9999,-9999,-9999,-9999,-9999,-9999,-9999,-9999,3672,-9999,-9999,-9999,-9999,-9999,-9999,1894,2014,1442,1696,1588,2253,-9999,1617,-9999,6334,-9999,1686,-9999,1781,806,1817,1572,1807,1588,-9999,1704,401,489,2091,2088,1996,1755,2180,2051,2182,-9999,2839,2662,3219,2793,3446,2871,3574,2706,-9999,3003,3155,2546,3135,2592,2972,2548,3125,2557,2984,2538,3468,2742,3550,2490,2805,-9999,2767,2564,2360,-9999,898,2458,2941,2415,3197,2719,3367,-9999,2767,2341,2777,2533,2641,2528,1836,2483,2635,2235,-9999,2386,2642,2258,2672,1155,2297,-9999,2113,1864,1913,1747,1877,1657,1863,1628,1870,1719,-9999,-9999,-9999,1502,1656,-9999,-9999,1589,1654,1439,1703,1460,-9999,-9999,2009,-9999,1708,1430,1665,-9999,-9999,3790,-9999,1873,1965,-9999,-9999,32,"{""type"":""Point"",""coordinates"":[-106.4017114164012,35.770355315509846]}"
20200102T175729_20200102T180326_T13SCV_00000000000000000013,-9999,-9999,-9999,-9999,-9999,-9999,-9999,-9999,-9999,-9999,-9999,-9999,-9999,-9999,-9999,-9999,-9999,-9999,-9999,-9999,-9999,-9999,-9999,-9999,-9999,-9999,-9999,-9999,-9999,-9999,-9999,-9999,-9999,-9999,-9999,-9999,1425,-9999,1418,-9999,1507,-9999,1590,-9999,1916,-9999,1770,-9999,1675,-9999,1744,-9999,-9999,-9999,2009,-9999,1864,-9999,2004,-9999,2086,-9999,2330,-9999,1959,-9999,2576,-9999,1954,-9999,2345,-9999,2030,-9999,3784,-9999,2199,-9999,-9999,-9999,2269,-9999,-9999,-9999,2069,-9999,1904,-9999,2190,-9999,-9999,-9999,1673,-9999,-9999,-9999,-9999,-9999,1703,-9999,1789,-9999,1610,-9999,1710,-9999,-9999,-9999,1599,-9999,1531,-9999,1560,-9999,1266,-9999,1411,-9999,1321,-9999,-9999,-9999,-9999,-9999,-9999,-9999,1393,-9999,1089,-9999,1324,-9999,-9999,-9999,-9999,-9999,-9999,-9999,-9999,-9999,-9999,-9999,3485,-9999,-9999,-9999,20,"{""type"":""Point"",""coordinates"":[-106.61794635630217,35.846779831228424]}"
20200102T175729_20200102T180326_T13SCV_00000000000000000014,-9999,-9999,-9999,-9999,-9999,-9999,-9999,-9999,-9999,-9999,-9999,-9999,-9999,-9999,-9999,-9999,-9999,-9999,2177,-9999,4007,-9999,1685,-9999,-9999,-9999,1498,-9999,-9999,-9999,-9999,-9999,3303,-9999,-9999,-9999,1550,-9999,1590,-9999,1690,-9999,961,-9999,1825,-9999,-9999,-9999,1699,-9999,1775,-9999,-9999,-9999,-9999,-9999,1904,-9999,2009,-9999,1354,-9999,-9999,-9999,2099,-9999,-9999,-9999,2075,-9999,2212,-9999,2082,-9999,-9999,-9999,2133,-9999,-9999,-9999,-9999,-9999,-9999,-9999,2041,-9999,1960,-9999,-9999,-9999,-9999,-9999,1993,-9999,-9999,-9999,1971,-9999,1973,-9999,1847,-9999,1878,-9999,1838,-9999,2270,-9999,-9999,-9999,1803,-9999,1831,-9999,1834,-9999,1786,-9999,1829,-9999,-9999,-9999,1723,-9999,-9999,-9999,1620,-9999,1680,-9999,-9999,-9999,-9999,-9999,-9999,-9999,1632,-9999,-9999,-9999,-9999,-9999,2649,-9999,1896,-9999,21,"{""type"":""Point"",""coordinates"":[-106.51121142294717,35.82001759551463]}"
20200102T175729_20200102T180326_T13SCV_00000000000000000015,-9999,-9999,3532,-9999,3813,-9999,-9999,-9999,-9999,-9999,-9999,-9999,-9999,-9999,4647,-9999,-9999,-9999,-9999,-9999,-9999,-9999,-9999,-9999,-9999,-9999,-9999,-9999,-9999,-9999,-9999,-9999,-9999,-9999,-9999,-9999,-9999,-9999,1208,-9999,1716,-9999,1615,-9999,1387,-9999,2095,-9999,1438,1970,2008,-9999,-9999,2627,2652,-9999,2402,2986,2561,-9999,2613,3924,-9999,-9999,2424,3030,3034,-9999,2438,-9999,2673,-9999,2424,-9999,3244,-9999,2243,-9999,-9999,-9999,-9999,-9999,-9999,-9999,2285,-9999,2329,-9999,2556,-9999,-9999,-9999,2212,-9999,2553,-9999,2270,3021,2062,-9999,2139,-9999,2103,-9999,2068,-9999,1160,-9999,2430,-9999,1841,-9999,1602,1638,1365,-9999,1401,1566,1403,-9999,5818,3311,-9999,-9999,-9999,-9999,1471,-9999,1107,1239,1111,-9999,-9999,-9999,-9999,-9999,-9999,-9999,-9999,-9999,-9999,-9999,2504,-9999,2879,-9999,22,"{""type"":""Point"",""coordinates"":[-106.4712401874989,35.82366848590412]}"
20200102T175729_20200102T180326_T13SCV_00000000000000000037,-9999,-9999,3221,-9999,3446,-9999,-9999,-9999,-9999,-9999,-9999,-9999,4014,-9999,3974,-9999,-9999,-9999,4314,-9999,-9999,-9999,4290,-9999,-9999,-9999,-9999,-9999,3209,-9999,-9999,-9999,-9999,-9999,-9999,-9999,2371,-9999,1253,-9999,1595,-9999,-9999,-9999,1411,-9999,2125,-9999,1483,2003,2089,-9999,-9999,2855,2793,-9999,2514,3178,2704,-9999,-9999,4100,-9999,-9999,2488,3065,3189,-9999,2510,-9999,2729,-9999,2494,-9999,-9999,-9999,2284,-9999,-9999,-9999,-9999,-9999,-9999,-9999,2314,-9999,2393,-9999,2643,-9999,-9999,-9999,2257,-9999,2649,-9999,2382,3123,2112,-9999,2213,-9999,2255,-9999,2149,-9999,1011,-9999,2498,-9999,2000,-9999,1731,1774,1413,-9999,1477,1587,1447,-9999,5823,3563,-9999,-9999,-9999,-9999,1714,-9999,1195,1334,1191,-9999,-9999,-9999,-9999,-9999,-9999,-9999,-9999,-9999,3949,-9999,2371,-9999,2995,-9999,56,"{""type"":""Point"",""coordinates"":[-106.47094370073695,35.82368106540885]}"
20200102T175729_20200102T180326_T13SCV_00000000000000000038,-9999,-9999,-9999,-9999,4829,-9999,-9999,-9999,-9999,-9999,-9999,-9999,-9999,-9999,5255,-9999,-9999,-9999,-9999,-9999,-9999,-9999,-9999,-9999,3881,-9999,2899,-9999,-9999,-9999,-9999,-9999,-9999,-9999,-9999,-9999,1215,-9999,1275,-9999,1920,-9999,1410,-9999,1393,-9999,2171,-9999,1564,2215,2115,-9999,-9999,2774,2720,-9999,2423,3196,2542,-9999,-9999,4199,-9999,-9999,2595,3132,3081,-9999,2654,-9999,2776,-9999,2580,-9999,-9999,-9999,2331,-9999,-9999,-9999,-9999,-9999,-9999,-9999,2481,-9999,2462,-9999,2762,-9999,-9999,-9999,2354,-9999,2636,-9999,2500,3245,2207,-9999,2201,-9999,2318,-9999,2211,-9999,-9999,-9999,2628,-9999,2122,-9999,1847,1861,1575,-9999,1660,1830,1674,-9999,6413,3644,1399,-9999,-9999,-9999,1437,-9999,1336,1488,1346,-9999,-9999,-9999,-9999,-9999,1599,-9999,-9999,-9999,4944,-9999,3300,-9999,2695,-9999,57,"{""type"":""Point"",""coordinates"":[-106.47125162700152,35.82399054881302]}"
20200102T175729_20200102T180326_T13SCV_00000000000000000016,-9999,-9999,-9999,-9999,-9999,-9999,-9999,-9999,-9999,-9999,-9999,-9999,2506,-9999,-9999,-9999,-9999,-9999,2177,-9999,-9999,-9999,1243,-9999,-9999,-9999,1367,-9999,-9999,-9999,-9999,-9999,-9999,-9999,-9999,-9999,1347,-9999,1336,-9999,1538,-9999,1444,-9999,1603,1928,-9999,-9999,1516,1863,1646,-9999,-9999,2441,2323,-9999,2187,2926,2376,-9999,2100,3656,-9999,-9999,2318,2982,3371,-9999,2314,3101,2499,-9999,2291,-9999,-9999,-9999,2164,-9999,-9999,-9999,-9999,-9999,-9999,-9999,2104,-9999,2027,-9999,2318,-9999,-9999,-9999,2079,2553,2290,-9999,2064,-9999,1811,-9999,2030,-9999,1829,-9999,1921,2319,1693,-9999,945,2016,1715,-9999,1691,1886,1539,-9999,1504,1658,1473,-9999,-9999,-9999,1374,-9999,-9999,-9999,1307,-9999,1218,1425,1338,-9999,-9999,-9999,-9999,-9999,1176,-9999,-9999,-9999,-9999,-9999,-9999,-9999,-9999,-9999,23,"{""type"":""Point"",""coordinates"":[-106.46860325849835,35.820120704701004]}"
20200102T175729_20200102T180326_T13SCV_0000000000000000002b,-9999,-9999,-9999,-9999,-9999,-9999,-9999,-9999,-9999,-9999,-9999,-9999,-9999,-9999,-9999,-9999,-9999,-9999,-9999,-9999,-9999,-9999,-9999,-9999,-9999,-9999,2454,2481,-9999,-9999,-9999,-9999,-9999,1517,-9999,1899,1364,1684,1331,1597,1466,-9999,1449,515,1614,1731,2276,-9999,1584,1911,1783,2148,-9999,2494,470,2487,2017,2595,2131,2951,2706,3287,-9999,2559,2018,2589,-9999,2567,2008,2583,2332,2324,2052,-9999,-9999,2678,2042,-9999,-9999,-9999,-9999,2954,-9999,-9999,1904,2362,1946,-9999,2107,-9999,-9999,2168,1949,2304,2054,2233,2000,2495,1767,2017,1791,-9999,1851,2066,1808,2021,-9999,1952,2528,1924,1806,2005,1649,1877,1535,1732,1517,1695,1513,-9999,-9999,3847,1447,1689,-9999,-9999,1389,687,1355,1442,1380,-9999,-9999,3254,-9999,1616,1396,1503,-9999,-9999,5614,4505,-9999,3210,2418,4496,44,"{""type"":""Point"",""coordinates"":[-106.45654972164607,35.822008192235444]}"
20200102T175729_20200102T180326_T13SCV_00000000000000000039,-9999,-9999,-9999,-9999,-9999,-9999,7535,-9999,-9999,-9999,-9999,-9999,-9999,-9999,-9999,-9999,-9999,-9999,-9999,-9999,-9999,-9999,-9999,2886,-9999,-9999,1865,1708,-9999,-9999,-9999,-9999,-9999,1475,-9999,1876,1313,1773,1297,1572,1375,-9999,1531,545,1572,1803,2291,-9999,1589,2163,1935,2280,-9999,2703,540,2761,2154,2921,2238,3120,2732,3453,-9999,2790,2239,2853,-9999,2813,2289,2712,2308,2459,2161,-9999,-9999,2785,2110,-9999,-9999,-9999,-9999,3083,-9999,-9999,1997,2573,2010,-9999,2189,-9999,-9999,2309,1969,2515,2186,2400,2108,2724,1776,2268,1945,-9999,1885,2229,1846,2206,968,2131,2313,2060,1860,2212,1694,2100,1603,1805,1608,1827,1637,-9999,-9999,3363,1354,1582,-9999,-9999,1269,800,1218,1449,1365,-9999,-9999,2906,-9999,1503,1241,1484,-9999,-9999,-9999,-9999,2660,2692,2244,-9999,58,"{""type"":""Point"",""coordinates"":[-106.45668862751086,35.821791706116656]}"
20200102T175729_20200102T180326_T13SCV_0000000000000000001b,-9999,-9999,-9999,-9999,-9999,-9999,-9999,-9999,-9999,-9999,3382,-9999,-9999,-9999,-9999,-9999,-9999,-9999,-9999,-9999,-9999,-9999,-9999,-9999,-9999,-9999,927,2601,-9999,1470,-9999,-9999,-9999,1435,-9999,1681,1375,1497,1397,1508,1417,-9999,1448,-9999,-9999,1670,-9999,1755,1513,1812,1742,2005,-9999,2304,2102,2332,2095,2625,2192,891,2930,-9999,-9999,2656,2252,2613,2347,2552,2288,2466,2226,2569,2143,1892,2516,1014,2246,-9999,-9999,2701,2192,-9999,-9999,2530,1890,2373,1968,-9999,2128,-9999,-9999,2164,2038,2209,1991,2188,1017,2839,1751,1975,1882,-9999,1646,1889,1758,1821,-9999,1750,-9999,1733,1576,1652,1600,1639,1603,1756,1603,1784,1645,-9999,-9999,-9999,1501,1633,-9999,-9999,1382,1457,1311,1430,1363,-9999,875,-9999,-9999,1642,1353,1434,-9999,-9999,-9999,4065,3047,-9999,-9999,4922,28,"{""type"":""Point"",""coordinates"":[-106.42348294707772,35.79832848292445]}"
20200102T175729_20200102T180326_T13SCV_00000000000000000017,-9999,-9999,4117,-9999,3990,3640,-9999,-9999,5192,-9999,-9999,-9999,-9999,-9999,-9999,2696,-9999,-9999,2817,1857,-9999,4104,1683,-9999,1541,1577,-9999,1661,-9999,1810,-9999,-9999,-9999,1643,-9999,1821,1642,1842,1629,1803,1679,-9999,1633,-9999,1821,2257,1896,1981,1744,2045,1756,2023,-9999,2230,2164,2435,2261,2876,2332,2434,-9999,-9999,-9999,2929,2214,2837,2844,2949,2377,2753,2701,2846,2289,2288,2849,3063,2267,-9999,-9999,2542,2459,2691,-9999,2766,2053,-9999,2096,3213,-9999,-9999,-9999,2348,1890,2403,2031,2377,-9999,2874,2134,2397,1952,-9999,1913,2162,1999,2236,1122,2094,1483,1973,1755,1921,1599,1772,1595,1735,1500,1717,1608,-9999,-9999,3953,1704,1860,-9999,-9999,-9999,1877,1618,1870,1626,-9999,-9999,2015,-9999,1801,1558,1746,-9999,-9999,-9999,4055,2359,2193,-9999,4806,24,"{""type"":""Point"",""coordinates"":[-106.37727040515705,35.83273442307447]}"
20200102T175729_20200102T180326_T13SCV_0000000000000000002f,-9999,-9999,-9999,-9999,-9999,-9999,-9999,-9999,-9999,-9999,-9999,-9999,-9999,-9999,-9999,-9999,-9999,-9999,-9999,-9999,-9999,-9999,-9999,-9999,-9999,-9999,-9999,-9999,-9999,-9999,-9999,-9999,-9999,1957,-9999,1804,1457,1693,1473,1708,1579,-9999,1665,-9999,316,2060,2190,2068,1784,2103,1858,2123,-9999,2263,909,2419,2130,2744,2218,2587,2552,640,-9999,2415,2000,2484,-9999,2375,2039,2519,2290,2551,2087,2947,3168,2772,2210,-9999,-9999,2835,-9999,2753,-9999,3024,1824,2279,1958,2802,2262,-9999,-9999,2224,2010,2370,2096,2183,2362,2775,1893,2170,1990,-9999,1911,2091,1888,2038,1351,1971,2923,1943,1797,1898,1721,1831,1667,1809,1654,1819,1712,-9999,-9999,-9999,1904,1773,-9999,-9999,1639,2082,1570,1673,1757,-9999,-9999,-9999,-9999,2325,1659,1737,-9999,-9999,-9999,-9999,-9999,-9999,-9999,-9999,48,"{""type"":""Point"",""coordinates"":[-106.43199459167282,35.813787236671665]}"
